playedMatches,goals,assists,penalties,player.id,player.name,player.firstName,player.lastName,player.dateOfBirth,player.nationality,player.section,player.position,player.shirtNumber,player.lastUpdated,team.id,team.name,team.shortName,team.tla,team.crest,team.address,team.website,team.founded,team.clubColors,team.venue,team.lastUpdated,competition_code,competition_name,season_start_year
44,27,4.0,,5578,Samuel Szmodics,Sammie,Szmodics,1995-09-24,Ireland,Left Winger,,,2025-02-18T17:31:14Z,59,Blackburn Rovers FC,Blackburn,BLA,https://crests.football-data.org/59.png,Ewood Park Blackburn BB2 4JF,http://www.rovers.co.uk,1874,Blue / White,Ewood Park,2022-02-19T08:50:27Z,ELC,Championship,2023
49,24,13.0,5.0,4863,Adam Armstrong,Adam,Armstrong,1997-02-10,England,Centre-Forward,,,2024-08-23T09:25:15Z,340,Southampton FC,Southampton,SOU,https://crests.football-data.org/340.png,Britannia Road Southampton SO14 5FP,http://www.saintsfc.co.uk,1885,Red / White / Black,St. Mary's Stadium,2022-02-10T19:48:04Z,ELC,Championship,2023
47,20,11.0,4.0,102193,Crysencio Summerville,Crysencio,Summerville,2001-10-30,Netherlands,Left Winger,,,2024-08-23T10:11:35Z,341,Leeds United FC,Leeds United,LEE,https://crests.football-data.org/341.png,Elland Road Leeds LS11 0ES,http://www.leedsunited.com,1904,White / Blue,Elland Road,2022-02-10T19:27:14Z,ELC,Championship,2023
45,19,7.0,,125998,Morgan Whittaker,Morgan,Whittaker,2001-01-07,England,Right Winger,,,2024-09-02T09:59:08Z,1138,Plymouth Argyle FC,Plymouth Arg,PLY,https://crests.football-data.org/1138.png,Home Park Plymouth PL2 3DQ,http://www.pafc.co.uk,1886,Green / White,Home Park,2022-02-22T14:07:04Z,ELC,Championship,2023
36,18,2.0,4.0,3330,Jamie Vardy,Jamie,Vardy,1987-01-11,England,Centre-Forward,,,2024-08-23T09:25:15Z,338,Leicester City FC,Leicester City,LEI,https://crests.football-data.org/338.png,"The Walkers Stadium, Filbert Way Leicester LE2 7FL",http://www.lcfc.com,1884,Royal Blue / White,King Power Stadium,2022-02-10T19:48:23Z,ELC,Championship,2023
44,16,7.0,3.0,10076,Haji Wright,Haji,Wright,1998-03-27,USA,Left Winger,,,2024-09-02T09:59:07Z,1076,Coventry City FC,Coventry City,COV,https://crests.football-data.org/1076.png,"Gallagher Retail Park, Stoney Stanton Road Coventry CV6 5QE",http://www.ccfc.co.uk,1883,Sky Blue / White,St Andrew's Trillion Trophy Stadium,2022-02-19T08:56:17Z,ELC,Championship,2023
28,16,1.0,,56852,Josh Sargent,Josh,Sargent,2000-02-20,USA,Centre-Forward,,,2024-09-02T09:59:05Z,68,Norwich City FC,Norwich,NOR,https://crests.football-data.org/68.png,Carrow Road Norwich NR1 1JE,http://www.canaries.co.uk,1902,Yellow / Green,Carrow Road,2022-03-23T08:28:03Z,ELC,Championship,2023
32,16,,,1858,Emmanuel Latte Lath,Emmanuel,Latte Lath,1999-01-01,Ivory Coast,Centre-Forward,,,2024-09-02T09:59:06Z,343,Middlesbrough FC,Middlesbrough,MID,https://crests.football-data.org/343.png,Riverside Stadium Middlesbrough TS3 6RS,http://www.mfc.co.uk,1876,Red / White,Riverside Stadium,2022-02-19T08:58:41Z,ELC,Championship,2023
43,15,4.0,,4119,Che Adams,Ché,Adams,1996-07-13,Scotland,Centre-Forward,,,2024-08-23T09:25:15Z,340,Southampton FC,Southampton,SOU,https://crests.football-data.org/340.png,Britannia Road Southampton SO14 5FP,http://www.saintsfc.co.uk,1885,Red / White / Black,St. Mary's Stadium,2022-02-10T19:48:04Z,ELC,Championship,2023
40,15,5.0,5.0,4158,Jack Clarke,Jack,Clarke,2000-11-23,England,Left Winger,,,2024-09-02T09:38:34Z,71,Sunderland AFC,Sunderland,SUN,https://crests.football-data.org/71.png,The Sunderland Stadium of Light Sunderland SR5 1SU,http://www.safc.com,1879,Red / White,Stadium of Light,2022-02-19T09:12:07Z,ELC,Championship,2023
44,14,8.0,,4931,Conor Chaplin,Conor,Chaplin,1997-02-16,England,Offence,,,2024-05-10T09:42:56Z,349,Ipswich Town FC,Ipswich Town,IPS,https://crests.football-data.org/349.png,Portman Road Ipswich IP1 2DA,http://www.itfc.co.uk,1887,Blue / White,Portman Road Stadium,2022-10-28T10:50:05Z,ELC,Championship,2023
49,14,3.0,2.0,67978,Joël Piroe,Joël,Piroe,1999-08-02,Netherlands,Centre-Forward,,,2024-09-02T09:59:06Z,341,Leeds United FC,Leeds United,LEE,https://crests.football-data.org/341.png,Elland Road Leeds LS11 0ES,http://www.leedsunited.com,1904,White / Blue,Elland Road,2022-02-10T19:27:14Z,ELC,Championship,2023
46,14,1.0,,146122,Ellis Simms,Ellis,Simms,2001-01-05,England,Centre-Forward,,,2024-09-02T09:59:07Z,1076,Coventry City FC,Coventry City,COV,https://crests.football-data.org/1076.png,"Gallagher Retail Park, Stoney Stanton Road Coventry CV6 5QE",http://www.ccfc.co.uk,1883,Sky Blue / White,St Andrew's Trillion Trophy Stadium,2022-02-19T08:56:17Z,ELC,Championship,2023
41,13,4.0,2.0,11770,Will Keane,Will,Keane,1993-01-11,Ireland,Centre-Forward,,,2024-09-02T09:59:07Z,1081,Preston North End FC,Preston NE,PNE,https://crests.football-data.org/1081.png,Sir Tom Finney Way Preston PR1 6RU,http://www.pnefc.net,1863,White / Navy Blue,Deepdale Stadium,2022-02-10T19:33:12Z,ELC,Championship,2023
40,13,3.0,,7853,Nathan Broadhead,Nathan,Broadhead,1998-04-05,Wales,Left Winger,,,2024-08-23T09:25:15Z,349,Ipswich Town FC,Ipswich Town,IPS,https://crests.football-data.org/349.png,Portman Road Ipswich IP1 2DA,http://www.itfc.co.uk,1887,Blue / White,Portman Road Stadium,2022-10-28T10:50:05Z,ELC,Championship,2023
48,13,12.0,,168955,Gabriel Sara,,Gabriel Sara,1999-06-26,Brazil,Midfield,,,2024-10-02T09:45:33Z,68,Norwich City FC,Norwich,NOR,https://crests.football-data.org/68.png,Carrow Road Norwich NR1 1JE,http://www.canaries.co.uk,1902,Yellow / Green,Carrow Road,2022-03-23T08:28:03Z,ELC,Championship,2023
43,13,8.0,,7974,Daniel James,Dan,James,1997-11-10,Wales,Right Winger,,,2024-09-02T09:59:06Z,341,Leeds United FC,Leeds United,LEE,https://crests.football-data.org/341.png,Elland Road Leeds LS11 0ES,http://www.leedsunited.com,1904,White / Blue,Elland Road,2022-02-10T19:27:14Z,ELC,Championship,2023
35,12,2.0,,176664,Jonathan Rowe,Jonathan,Rowe,2003-04-30,England,Left Winger,,,2024-10-09T09:42:50Z,68,Norwich City FC,Norwich,NOR,https://crests.football-data.org/68.png,Carrow Road Norwich NR1 1JE,http://www.canaries.co.uk,1902,Yellow / Green,Carrow Road,2022-03-23T08:28:03Z,ELC,Championship,2023
39,12,4.0,,35367,Ryan Hardie,Ryan,Hardie,1997-03-17,Scotland,Centre-Forward,,,2024-09-02T09:59:08Z,1138,Plymouth Argyle FC,Plymouth Arg,PLY,https://crests.football-data.org/1138.png,Home Park Plymouth PL2 3DQ,http://www.pafc.co.uk,1886,Green / White,Home Park,2022-02-22T14:07:04Z,ELC,Championship,2023
44,12,14.0,1.0,140194,Kiernan Dewsbury Hall,Kiernan,Dewsbury-Hall,1998-09-06,England,Central Midfield,,,2025-04-01T09:43:04Z,338,Leicester City FC,Leicester City,LEI,https://crests.football-data.org/338.png,"The Walkers Stadium, Filbert Way Leicester LE2 7FL",http://www.lcfc.com,1884,Royal Blue / White,King Power Stadium,2022-02-10T19:48:23Z,ELC,Championship,2023
45,12,7.0,2.0,6332,Stephy Mavididi,Stephy,Mavididi,1998-05-31,England,Left Winger,,,2024-08-23T09:25:15Z,338,Leicester City FC,Leicester City,LEI,https://crests.football-data.org/338.png,"The Walkers Stadium, Filbert Way Leicester LE2 7FL",http://www.lcfc.com,1884,Royal Blue / White,King Power Stadium,2022-02-10T19:48:23Z,ELC,Championship,2023
44,12,2.0,,137475,Jay Stansfield,Jay,Stansfield,2002-11-24,England,Centre-Forward,,,2024-08-23T09:25:15Z,332,Birmingham City FC,Birmingham,BIR,https://crests.football-data.org/332.png,St. Andrew's Stadium Birmingham B9 4RL,http://www.bcfc.com,1875,Blue / White,St Andrew's Trillion Trophy Stadium,2022-02-20T08:43:10Z,ELC,Championship,2023
40,11,2.0,,6406,Iké Ugbo,Iké,Ugbo,1998-09-21,Canada,Centre-Forward,,22.0,2024-09-02T09:59:06Z,345,Sheffield Wednesday FC,Sheffield Wed,SHE,https://crests.football-data.org/345.png,"Hillsborough Sheffield, Yorkshire S6 1SW",http://www.swfc.co.uk,1820,Blue / White / Black,Hillsborough Stadium,2022-02-19T08:58:10Z,ELC,Championship,2023
42,11,2.0,1.0,6389,Brandon Thomas-Asante,Brandon,Thomas-Asante,1998-12-29,Ghana,Centre-Forward,,,2024-09-02T09:59:07Z,74,West Bromwich Albion FC,West Brom,WBA,https://crests.football-data.org/74.png,The Hawthorns West Bromwich B71 4LF,http://www.wba.co.uk,1879,White / Navy Blue,The Hawthorns,2022-02-19T09:11:36Z,ELC,Championship,2023
45,11,9.0,1.0,146647,Finn Azaz,Finn,Azaz,2000-09-07,Ireland,Attacking Midfield,,,2024-09-02T09:59:06Z,343,Middlesbrough FC,Middlesbrough,MID,https://crests.football-data.org/343.png,Riverside Stadium Middlesbrough TS3 6RS,http://www.mfc.co.uk,1876,Red / White,Riverside Stadium,2022-02-19T08:58:41Z,ELC,Championship,2023
31,11,7.0,,172632,Jaden Philogene-Bidace,Jaden,Philogene,2002-02-08,England,Left Winger,,,2024-08-23T09:25:15Z,322,Hull City AFC,Hull City,HUL,https://crests.football-data.org/322.png,Walton Street Hull HU3 6HU,http://www.hullcitytigers.com,1904,Orange / Black,Kingston Communications Stadium,2022-02-22T14:19:00Z,ELC,Championship,2023
40,10,1.0,2.0,30507,Ozan Tufan,Ozan,Tufan,1995-03-23,Turkey,Midfield,,,2024-08-04T23:09:35Z,322,Hull City AFC,Hull City,HUL,https://crests.football-data.org/322.png,Walton Street Hull HU3 6HU,http://www.hullcitytigers.com,1904,Orange / Black,Kingston Communications Stadium,2022-02-22T14:19:00Z,ELC,Championship,2023
43,10,,,113690,Mileta Rajovic,Mileta,Rajović,1999-07-17,Denmark,Centre-Forward,,,2025-04-01T09:44:11Z,346,Watford FC,Watford,WAT,https://crests.football-data.org/346.png,Vicarage Road Watford WD18 0ER,http://www.watfordfc.com,1881,Yellow / Black,Vicarage Road Stadium,2022-07-26T17:53:47Z,ELC,Championship,2023
44,10,4.0,,177477,Omari Hutchinson,Omari,Hutchinson,2003-10-29,Jamaica,Attacking Midfield,,,2025-02-18T17:31:14Z,349,Ipswich Town FC,Ipswich Town,IPS,https://crests.football-data.org/349.png,Portman Road Ipswich IP1 2DA,http://www.itfc.co.uk,1887,Blue / White,Portman Road Stadium,2022-10-28T10:50:05Z,ELC,Championship,2023
38,10,4.0,5.0,161089,Tommy Conway,Tommy,Conway,2002-08-06,Scotland,Centre-Forward,,,2024-09-02T09:59:06Z,387,Bristol City FC,Bristol City,BRI,https://crests.football-data.org/387.png,Ashton Gate Bristol BS3 2EJ,http://www.bcfc.co.uk,1894,Red / White,Ashton Gate Stadium,2024-07-29T17:18:14Z,ELC,Championship,2023
41,9,,,64147,Michał Helik,Michał,Helik,1995-09-09,Poland,Defence,,,2023-07-30T19:41:22Z,394,Huddersfield Town AFC,Huddersfield,HUD,https://crests.football-data.org/394.png,Stadium Way Huddersfield HD1 6PX,http://www.htafc.com,1908,Blue / White,The John Smith's Stadium,2022-02-10T19:15:53Z,ELC,Championship,2023
42,9,1.0,3.0,4275,John Swift,John,Swift,1995-06-23,England,Central Midfield,,,2024-09-02T09:59:05Z,74,West Bromwich Albion FC,West Brom,WBA,https://crests.football-data.org/74.png,The Hawthorns West Bromwich B71 4LF,http://www.wba.co.uk,1879,White / Navy Blue,The Hawthorns,2022-02-19T09:11:36Z,ELC,Championship,2023
35,9,2.0,2.0,4921,Jamal Lowe,Jamal,Lowe,1994-07-21,Jamaica,Centre-Forward,,,2024-08-23T09:25:16Z,72,Swansea City AFC,Swansea,SWA,https://crests.football-data.org/72.png,"Liberty Stadium, Landore Swansea, Glamorgan SA1 2FA",http://www.swanseacity.net,1912,White / Black,Liberty Stadium,2022-03-22T10:08:20Z,ELC,Championship,2023
20,9,2.0,1.0,151119,Fabio Carvalho,,Fabio Carvalho,2002-08-30,Portugal,Attacking Midfield,,,2024-09-02T09:38:34Z,322,Hull City AFC,Hull City,HUL,https://crests.football-data.org/322.png,Walton Street Hull HU3 6HU,http://www.hullcitytigers.com,1904,Orange / Black,Kingston Communications Stadium,2022-02-22T14:19:00Z,ELC,Championship,2023
30,8,2.0,,151095,Liam Delap,Liam,Delap,2003-02-08,England,Centre-Forward,,,2024-08-23T10:11:35Z,322,Hull City AFC,Hull City,HUL,https://crests.football-data.org/322.png,Walton Street Hull HU3 6HU,http://www.hullcitytigers.com,1904,Orange / Black,Kingston Communications Stadium,2022-02-22T14:19:00Z,ELC,Championship,2023
46,8,,,6459,Jerry Yates,Jerry,Yates,1996-11-10,England,Centre-Forward,,,2024-09-02T09:59:06Z,72,Swansea City AFC,Swansea,SWA,https://crests.football-data.org/72.png,"Liberty Stadium, Landore Swansea, Glamorgan SA1 2FA",http://www.swanseacity.net,1912,White / Black,Liberty Stadium,2022-03-22T10:08:20Z,ELC,Championship,2023
37,8,,,8287,Aaron Connolly,Aaron,Connolly,2000-01-28,Ireland,Offence,,,2024-08-04T23:09:35Z,322,Hull City AFC,Hull City,HUL,https://crests.football-data.org/322.png,Walton Street Hull HU3 6HU,http://www.hullcitytigers.com,1904,Orange / Black,Kingston Communications Stadium,2022-02-22T14:19:00Z,ELC,Championship,2023
39,8,3.0,,180813,Wilfried Gnonto,Wilfried,Gnonto,2003-11-05,Italy,Right Winger,,,2024-09-02T09:59:06Z,341,Leeds United FC,Leeds United,LEE,https://crests.football-data.org/341.png,Elland Road Leeds LS11 0ES,http://www.leedsunited.com,1904,White / Blue,Elland Road,2022-02-10T19:27:14Z,ELC,Championship,2023
36,8,2.0,,67743,Milutin Osmajić,Milutin,Osmajić,1999-07-25,Montenegro,Centre-Forward,,,2024-09-02T09:59:07Z,1081,Preston North End FC,Preston NE,PNE,https://crests.football-data.org/1081.png,Sir Tom Finney Way Preston PR1 6RU,http://www.pnefc.net,1863,White / Navy Blue,Deepdale Stadium,2022-02-10T19:33:12Z,ELC,Championship,2023
46,8,,,175979,Jordan James,Jordan,James,2004-07-02,Wales,Central Midfield,,,2024-10-10T09:42:53Z,332,Birmingham City FC,Birmingham,BIR,https://crests.football-data.org/332.png,St. Andrew's Stadium Birmingham B9 4RL,http://www.bcfc.com,1875,Blue / White,St Andrew's Trillion Trophy Stadium,2022-02-20T08:43:10Z,ELC,Championship,2023
38,8,4.0,,140993,Isaiah Jones,Isaiah,Jones,1999-06-26,England,Right Winger,,,2024-09-02T09:59:06Z,343,Middlesbrough FC,Middlesbrough,MID,https://crests.football-data.org/343.png,Riverside Stadium Middlesbrough TS3 6RS,http://www.mfc.co.uk,1876,Red / White,Riverside Stadium,2022-02-19T08:58:41Z,ELC,Championship,2023
34,8,,,4223,Patrick Bamford,Patrick,Bamford,1993-09-05,England,Centre-Forward,,,2024-09-02T09:59:06Z,341,Leeds United FC,Leeds United,LEE,https://crests.football-data.org/341.png,Elland Road Leeds LS11 0ES,http://www.leedsunited.com,1904,White / Blue,Elland Road,2022-02-10T19:27:14Z,ELC,Championship,2023
25,7,5.0,1.0,25606,George Hirst,George,Hirst,1999-02-15,England,Centre-Forward,,,2024-08-23T09:25:15Z,349,Ipswich Town FC,Ipswich Town,IPS,https://crests.football-data.org/349.png,Portman Road Ipswich IP1 2DA,http://www.itfc.co.uk,1887,Blue / White,Portman Road Stadium,2022-10-28T10:50:05Z,ELC,Championship,2023
46,7,1.0,,171692,Jobe Bellingham,Jobe,Bellingham,2005-09-23,England,Attacking Midfield,,,2025-04-22T09:42:40Z,71,Sunderland AFC,Sunderland,SUN,https://crests.football-data.org/71.png,The Sunderland Stadium of Light Sunderland SR5 1SU,http://www.safc.com,1879,Red / White,Stadium of Light,2022-02-19T09:12:07Z,ELC,Championship,2023
36,7,,2.0,8058,Nahki Wells,Nahki,Wells,1990-06-01,Bermuda,Centre-Forward,,,2024-09-02T09:59:07Z,387,Bristol City FC,Bristol City,BRI,https://crests.football-data.org/387.png,Ashton Gate Bristol BS3 2EJ,http://www.bcfc.co.uk,1894,Red / White,Ashton Gate Stadium,2024-07-29T17:18:14Z,ELC,Championship,2023
48,7,14.0,,81189,Georginio Rutter,Georginio,Rutter,2002-04-20,France,Centre-Forward,,,2024-08-23T10:11:35Z,341,Leeds United FC,Leeds United,LEE,https://crests.football-data.org/341.png,Elland Road Leeds LS11 0ES,http://www.leedsunited.com,1904,White / Blue,Elland Road,2022-02-10T19:27:14Z,ELC,Championship,2023
21,7,2.0,1.0,80790,Marcus Forss,Marcus,Forss,1999-06-18,Finland,Centre-Forward,,,2024-09-02T09:59:06Z,343,Middlesbrough FC,Middlesbrough,MID,https://crests.football-data.org/343.png,Riverside Stadium Middlesbrough TS3 6RS,http://www.mfc.co.uk,1876,Red / White,Riverside Stadium,2022-02-19T08:58:41Z,ELC,Championship,2023
45,7,4.0,,82151,Liam Cullen,Liam,Cullen,1999-04-23,Wales,Centre-Forward,,,2024-09-02T09:59:05Z,72,Swansea City AFC,Swansea,SWA,https://crests.football-data.org/72.png,"Liberty Stadium, Landore Swansea, Glamorgan SA1 2FA",http://www.swanseacity.net,1912,White / Black,Liberty Stadium,2022-03-22T10:08:20Z,ELC,Championship,2023
34,7,2.0,1.0,9808,Delano Burgzorg,Delano,Burgzorg,1998-11-07,Netherlands,Left Winger,,,2024-09-02T09:59:06Z,394,Huddersfield Town AFC,Huddersfield,HUD,https://crests.football-data.org/394.png,Stadium Way Huddersfield HD1 6PX,http://www.htafc.com,1908,Blue / White,The John Smith's Stadium,2022-02-10T19:15:53Z,ELC,Championship,2023
46,7,5.0,,114099,Anthony Musaba,Anthony,Musaba,2000-12-06,Netherlands,Right Winger,,11.0,2024-09-02T09:59:06Z,345,Sheffield Wednesday FC,Sheffield Wed,SHE,https://crests.football-data.org/345.png,"Hillsborough Sheffield, Yorkshire S6 1SW",http://www.swfc.co.uk,1820,Blue / White / Black,Hillsborough Stadium,2022-02-19T08:58:10Z,ELC,Championship,2023
45,7,3.0,1.0,67893,Zian Flemming,Zian,Flemming,1998-08-01,Netherlands,Attacking Midfield,,,2024-09-02T09:59:06Z,384,Millwall FC,Millwall,MIL,https://crests.football-data.org/384.png,Zampa Road London SE16 3LN,http://www.millwallfc.co.uk,1885,Blue / White,The Den,2022-02-19T09:00:14Z,ELC,Championship,2023
46,7,4.0,,137396,William Smallbone,Will,Smallbone,2000-02-21,Ireland,Central Midfield,,,2025-04-03T09:43:09Z,340,Southampton FC,Southampton,SOU,https://crests.football-data.org/340.png,Britannia Road Southampton SO14 5FP,http://www.saintsfc.co.uk,1885,Red / White / Black,St. Mary's Stadium,2022-02-10T19:48:04Z,ELC,Championship,2023
39,7,8.0,,8214,Grady Diangana,Grady,Diangana,1998-04-19,DR Congo,Right Winger,,,2024-09-02T09:59:05Z,74,West Bromwich Albion FC,West Brom,WBA,https://crests.football-data.org/74.png,The Hawthorns West Bromwich B71 4LF,http://www.wba.co.uk,1879,White / Navy Blue,The Hawthorns,2022-02-19T09:11:36Z,ELC,Championship,2023
43,7,6.0,,4029,Ilias Chair,Ilias,Chair,1997-10-30,Morocco,Attacking Midfield,,,2024-09-02T09:59:05Z,69,Queens Park Rangers FC,QPR,QPR,https://crests.football-data.org/69.png,"South Africa Road, Shepherds Bush London W12 7PA",http://www.qpr.co.uk,1882,Blue / White,Kiyan Prince Foundation Stadium,2022-02-22T14:17:12Z,ELC,Championship,2023
33,7,2.0,,113632,Tatsuhiro Sakamoto,Tatsuhiro,Sakamoto,1996-10-22,Japan,Right Midfield,,17.0,2024-09-02T09:59:07Z,1076,Coventry City FC,Coventry City,COV,https://crests.football-data.org/1076.png,"Gallagher Retail Park, Stoney Stanton Road Coventry CV6 5QE",http://www.ccfc.co.uk,1883,Sky Blue / White,St Andrew's Trillion Trophy Stadium,2022-02-19T08:56:17Z,ELC,Championship,2023
46,7,5.0,,4408,Jamie Paterson,Jamie,Paterson,1991-12-20,England,Midfield,,,2024-08-04T23:09:34Z,72,Swansea City AFC,Swansea,SWA,https://crests.football-data.org/72.png,"Liberty Stadium, Landore Swansea, Glamorgan SA1 2FA",http://www.swanseacity.net,1912,White / Black,Liberty Stadium,2022-03-22T10:08:20Z,ELC,Championship,2023
34,7,6.0,3.0,16348,Patson Daka,Patson,Daka,1998-10-09,Zambia,Centre-Forward,,,2024-08-23T09:25:15Z,338,Leicester City FC,Leicester City,LEI,https://crests.football-data.org/338.png,"The Walkers Stadium, Filbert Way Leicester LE2 7FL",http://www.lcfc.com,1884,Royal Blue / White,King Power Stadium,2022-02-10T19:48:23Z,ELC,Championship,2023
18,7,1.0,,4350,Kieffer Moore,Kieffer,Moore,1992-08-08,Wales,Centre-Forward,,,2024-08-23T09:25:15Z,349,Ipswich Town FC,Ipswich Town,IPS,https://crests.football-data.org/349.png,Portman Road Ipswich IP1 2DA,http://www.itfc.co.uk,1887,Blue / White,Portman Road Stadium,2022-10-28T10:50:05Z,ELC,Championship,2023
20,7,2.0,,180842,Mikey Johnston,Mikey,Johnston,1999-04-19,Ireland,Left Winger,,,2024-09-02T09:59:05Z,74,West Bromwich Albion FC,West Brom,WBA,https://crests.football-data.org/74.png,The Hawthorns West Bromwich B71 4LF,http://www.wba.co.uk,1879,White / Navy Blue,The Hawthorns,2022-02-19T09:11:36Z,ELC,Championship,2023
29,6,1.0,1.0,125561,Adam Idah,Adam,Idah,2001-02-11,Ireland,Offence,,,2024-08-04T23:09:34Z,68,Norwich City FC,Norwich,NOR,https://crests.football-data.org/68.png,Carrow Road Norwich NR1 1JE,http://www.canaries.co.uk,1902,Yellow / Green,Carrow Road,2022-03-23T08:28:03Z,ELC,Championship,2023
39,6,3.0,,84493,Vakoun Issouf Bayo,Vakoun,Bayo,1997-01-10,Ivory Coast,Centre-Forward,,,2024-09-02T09:59:06Z,346,Watford FC,Watford,WAT,https://crests.football-data.org/346.png,Vicarage Road Watford WD18 0ER,http://www.watfordfc.com,1881,Yellow / Black,Vicarage Road Stadium,2022-07-26T17:53:47Z,ELC,Championship,2023
38,6,,,53493,André Vidigal,,André Vidigal,1998-08-17,Portugal,Left Winger,,,2024-09-02T09:59:05Z,70,Stoke City FC,Stoke,STK,https://crests.football-data.org/70.png,Stanley Matthews Way Stoke-on-Trent ST4 4EG,http://www.stokecityfc.com,1863,Red / White,Bet365 Stadium,2022-02-25T16:56:58Z,ELC,Championship,2023
39,6,1.0,,6104,Siriki Dembélé,Siriki,Dembélé,1996-09-07,Scotland,Left Winger,,,2024-09-02T09:59:07Z,332,Birmingham City FC,Birmingham,BIR,https://crests.football-data.org/332.png,St. Andrew's Stadium Birmingham B9 4RL,http://www.bcfc.com,1875,Blue / White,St Andrew's Trillion Trophy Stadium,2022-02-20T08:43:10Z,ELC,Championship,2023
42,6,1.0,,6205,Matt Godden,Matt,Godden,1991-07-29,England,Offence,,,2024-08-04T23:09:38Z,1076,Coventry City FC,Coventry City,COV,https://crests.football-data.org/1076.png,"Gallagher Retail Park, Stoney Stanton Road Coventry CV6 5QE",http://www.ccfc.co.uk,1883,Sky Blue / White,St Andrew's Trillion Trophy Stadium,2022-02-19T08:56:17Z,ELC,Championship,2023
46,6,2.0,,16281,Christian Fassnacht,Christian,Fassnacht,1993-11-11,Switzerland,Right Winger,,,2024-09-02T09:59:05Z,68,Norwich City FC,Norwich,NOR,https://crests.football-data.org/68.png,Carrow Road Norwich NR1 1JE,http://www.canaries.co.uk,1902,Yellow / Green,Carrow Road,2022-03-23T08:28:03Z,ELC,Championship,2023
46,6,6.0,,48623,Koji Miyoshi,Koji,Miyoshi,1997-03-26,Japan,Midfield,,19.0,2023-07-30T19:41:16Z,332,Birmingham City FC,Birmingham,BIR,https://crests.football-data.org/332.png,St. Andrew's Stadium Birmingham B9 4RL,http://www.bcfc.com,1875,Blue / White,St Andrew's Trillion Trophy Stadium,2022-02-20T08:43:10Z,ELC,Championship,2023
36,6,4.0,1.0,8054,Ashley Barnes,Ashley,Barnes,1989-10-30,England,Centre-Forward,,,2024-09-02T09:59:05Z,68,Norwich City FC,Norwich,NOR,https://crests.football-data.org/68.png,Carrow Road Norwich NR1 1JE,http://www.canaries.co.uk,1902,Yellow / Green,Carrow Road,2022-03-23T08:28:03Z,ELC,Championship,2023
47,6,3.0,,175796,Samuel Edozie,Samuel,Edozie,2003-01-28,England,Left Winger,,,2024-08-23T09:25:15Z,340,Southampton FC,Southampton,SOU,https://crests.football-data.org/340.png,Britannia Road Southampton SO14 5FP,http://www.saintsfc.co.uk,1885,Red / White / Black,St. Mary's Stadium,2022-02-10T19:48:04Z,ELC,Championship,2023
24,6,,,176777,Kasey McAteer,Kasey,McAteer,2001-11-22,Ireland,Right Winger,,,2024-08-31T09:43:39Z,338,Leicester City FC,Leicester City,LEI,https://crests.football-data.org/338.png,"The Walkers Stadium, Filbert Way Leicester LE2 7FL",http://www.lcfc.com,1884,Royal Blue / White,King Power Stadium,2022-02-10T19:48:23Z,ELC,Championship,2023
44,6,2.0,,25053,Josh Koroma,Josh,Koroma,1998-11-08,England,Midfield,,,2023-07-30T19:41:22Z,394,Huddersfield Town AFC,Huddersfield,HUD,https://crests.football-data.org/394.png,Stadium Way Huddersfield HD1 6PX,http://www.htafc.com,1908,Blue / White,The John Smith's Stadium,2022-02-10T19:15:53Z,ELC,Championship,2023
38,6,2.0,,213241,Karlan Grant,Karlan,Grant,1997-09-18,England,Offence,,,2023-07-30T23:04:09Z,715,Cardiff City FC,Cardiff,CAR,https://crests.football-data.org/715.png,"Cardiff City Stadium, Leckwith Road Cardiff CF11 8AZ",http://www.cardiffcityfc.co.uk,1899,Blue / White,Cardiff City Stadium,2022-02-19T08:59:02Z,ELC,Championship,2023
41,6,1.0,1.0,35126,Lyndon Dykes,Lyndon,Dykes,1995-10-07,Scotland,Offence,,,2024-08-04T23:09:34Z,69,Queens Park Rangers FC,QPR,QPR,https://crests.football-data.org/69.png,"South Africa Road, Shepherds Bush London W12 7PA",http://www.qpr.co.uk,1882,Blue / White,Kiyan Prince Foundation Stadium,2022-02-22T14:17:12Z,ELC,Championship,2023
44,6,6.0,,4380,Jed Wallace,Jed,Wallace,1994-03-26,England,Right Winger,,,2024-09-02T09:59:05Z,74,West Bromwich Albion FC,West Brom,WBA,https://crests.football-data.org/74.png,The Hawthorns West Bromwich B71 4LF,http://www.wba.co.uk,1879,White / Navy Blue,The Hawthorns,2022-02-19T09:11:36Z,ELC,Championship,2023
39,6,4.0,,5737,Perry Ng,Perry,Ng,1996-04-27,England,Right-Back,,,2024-09-02T09:59:07Z,715,Cardiff City FC,Cardiff,CAR,https://crests.football-data.org/715.png,"Cardiff City Stadium, Leckwith Road Cardiff CF11 8AZ",http://www.cardiffcityfc.co.uk,1899,Blue / White,Cardiff City Stadium,2022-02-19T08:59:02Z,ELC,Championship,2023
35,6,4.0,,5332,Wes Burns,Wes,Burns,1994-11-23,Wales,Right Winger,,,2024-09-02T09:38:34Z,349,Ipswich Town FC,Ipswich Town,IPS,https://crests.football-data.org/349.png,Portman Road Ipswich IP1 2DA,http://www.itfc.co.uk,1887,Blue / White,Portman Road Stadium,2022-10-28T10:50:05Z,ELC,Championship,2023
45,6,5.0,1.0,7518,Juninho Bacuna,Juninho,Bacuna,1997-08-07,Curaçao,Defence,,,2023-07-30T19:41:16Z,332,Birmingham City FC,Birmingham,BIR,https://crests.football-data.org/332.png,St. Andrew's Stadium Birmingham B9 4RL,http://www.bcfc.com,1875,Blue / White,St Andrew's Trillion Trophy Stadium,2022-02-20T08:43:10Z,ELC,Championship,2023
45,6,5.0,,156794,Yaser Asprilla,Yáser,Asprilla,2003-11-19,Colombia,Right Winger,,,2025-01-30T09:41:07Z,346,Watford FC,Watford,WAT,https://crests.football-data.org/346.png,Vicarage Road Watford WD18 0ER,http://www.watfordfc.com,1881,Yellow / Black,Vicarage Road Stadium,2022-07-26T17:53:47Z,ELC,Championship,2023
44,6,2.0,,8247,Ryan Fraser,Ryan,Fraser,1994-02-24,Scotland,Left Winger,,24.0,2024-08-23T09:25:15Z,340,Southampton FC,Southampton,SOU,https://crests.football-data.org/340.png,Britannia Road Southampton SO14 5FP,http://www.saintsfc.co.uk,1885,Red / White / Black,St. Mary's Stadium,2022-02-10T19:48:04Z,ELC,Championship,2023
39,6,12.0,,187162,Abdul Issahaku,Issahaku,Fatawu,2004-03-08,Ghana,Right Winger,,,2025-04-02T09:41:40Z,338,Leicester City FC,Leicester City,LEI,https://crests.football-data.org/338.png,"The Walkers Stadium, Filbert Way Leicester LE2 7FL",http://www.lcfc.com,1884,Royal Blue / White,King Power Stadium,2022-02-10T19:48:23Z,ELC,Championship,2023
36,6,2.0,1.0,5812,Scott Twine,Scott,Twine,1999-07-14,England,Attacking Midfield,,,2024-09-02T09:59:07Z,387,Bristol City FC,Bristol City,BRI,https://crests.football-data.org/387.png,Ashton Gate Bristol BS3 2EJ,http://www.bcfc.co.uk,1894,Red / White,Ashton Gate Stadium,2024-07-29T17:18:14Z,ELC,Championship,2023
26,6,2.0,,34908,Josh Windass,Josh,Windass,1994-01-09,England,Attacking Midfield,,,2024-09-02T09:59:06Z,345,Sheffield Wednesday FC,Sheffield Wed,SHE,https://crests.football-data.org/345.png,"Hillsborough Sheffield, Yorkshire S6 1SW",http://www.swfc.co.uk,1820,Blue / White / Black,Hillsborough Stadium,2022-02-19T08:58:10Z,ELC,Championship,2023
32,6,3.0,,3914,Callum O'Hare,Callum,O'Hare,1998-05-01,England,Attacking Midfield,,,2024-09-02T09:59:07Z,1076,Coventry City FC,Coventry City,COV,https://crests.football-data.org/1076.png,"Gallagher Retail Park, Stoney Stanton Road Coventry CV6 5QE",http://www.ccfc.co.uk,1883,Sky Blue / White,St Andrew's Trillion Trophy Stadium,2022-02-19T08:56:17Z,ELC,Championship,2023
37,6,3.0,,127034,Borja Sainz,,Borja Sainz,2001-02-01,Spain,Left Winger,,,2024-09-02T09:59:05Z,68,Norwich City FC,Norwich,NOR,https://crests.football-data.org/68.png,Carrow Road Norwich NR1 1JE,http://www.canaries.co.uk,1902,Yellow / Green,Carrow Road,2022-03-23T08:28:03Z,ELC,Championship,2023
44,6,,1.0,5113,Tom Eaves,Tom,Eaves,1992-12-04,England,Offence,,,2023-07-30T19:41:21Z,385,Rotherham United FC,Rotherham Utd,ROT,https://crests.football-data.org/385.png,New York Way Rotherham S60 1AH,http://www.themillers.co.uk,1870,Red / White,New York Stadium,2022-02-25T16:43:19Z,ELC,Championship,2023
21,6,2.0,,7315,Emil Riis Jakobsen,Emil,Riis,1998-06-24,Denmark,Centre-Forward,,,2024-09-02T09:59:07Z,1081,Preston North End FC,Preston NE,PNE,https://crests.football-data.org/1081.png,Sir Tom Finney Way Preston PR1 6RU,http://www.pnefc.net,1863,White / Navy Blue,Deepdale Stadium,2022-02-10T19:33:12Z,ELC,Championship,2023
32,5,,,156796,Sam Bell,Sam,Bell,2002-05-23,England,Left Winger,,,2024-09-02T09:59:07Z,387,Bristol City FC,Bristol City,BRI,https://crests.football-data.org/387.png,Ashton Gate Bristol BS3 2EJ,http://www.bcfc.co.uk,1894,Red / White,Ashton Gate Stadium,2024-07-29T17:18:14Z,ELC,Championship,2023
44,5,2.0,,169234,Matheus Martins,,Matheus Martins,2003-07-16,Brazil,Midfield,,,2024-08-04T23:09:37Z,346,Watford FC,Watford,WAT,https://crests.football-data.org/346.png,Vicarage Road Watford WD18 0ER,http://www.watfordfc.com,1881,Yellow / Black,Vicarage Road Stadium,2022-07-26T17:53:47Z,ELC,Championship,2023
37,5,1.0,,122467,Josh Bowler,Josh,Bowler,1999-03-05,England,Right Winger,,19.0,2024-08-23T09:25:15Z,715,Cardiff City FC,Cardiff,CAR,https://crests.football-data.org/715.png,"Cardiff City Stadium, Leckwith Road Cardiff CF11 8AZ",http://www.cardiffcityfc.co.uk,1899,Blue / White,Cardiff City Stadium,2022-02-19T08:59:02Z,ELC,Championship,2023
28,5,,,34707,Kevin Nisbet,Kevin,Nisbet,1997-03-08,Scotland,Offence,,15.0,2024-08-04T23:09:37Z,384,Millwall FC,Millwall,MIL,https://crests.football-data.org/384.png,Zampa Road London SE16 3LN,http://www.millwallfc.co.uk,1885,Blue / White,The Den,2022-02-19T09:00:14Z,ELC,Championship,2023
40,5,1.0,,172909,Jeremy Sarmiento,Jeremy,Sarmiento,2002-06-16,Ecuador,Left Winger,,,2024-08-23T09:25:15Z,349,Ipswich Town FC,Ipswich Town,IPS,https://crests.football-data.org/349.png,Portman Road Ipswich IP1 2DA,http://www.itfc.co.uk,1887,Blue / White,Portman Road Stadium,2022-10-28T10:50:05Z,ELC,Championship,2023
41,5,2.0,,176984,Pierre Ekwah,Pierre,Ekwah,2002-01-15,France,Defensive Midfield,,,2024-09-02T09:38:42Z,71,Sunderland AFC,Sunderland,SUN,https://crests.football-data.org/71.png,The Sunderland Stadium of Light Sunderland SR5 1SU,http://www.safc.com,1879,Red / White,Stadium of Light,2022-02-19T09:12:07Z,ELC,Championship,2023
40,5,4.0,,38660,Mark Sykes,Mark,Sykes,1997-08-04,Ireland,Right Midfield,,,2024-09-02T09:59:07Z,387,Bristol City FC,Bristol City,BRI,https://crests.football-data.org/387.png,Ashton Gate Bristol BS3 2EJ,http://www.bcfc.co.uk,1894,Red / White,Ashton Gate Stadium,2024-07-29T17:18:14Z,ELC,Championship,2023
45,5,5.0,,131115,Luke Cundle,Luke,Cundle,2002-04-26,England,Central Midfield,,68.0,2024-08-23T09:25:15Z,70,Stoke City FC,Stoke,STK,https://crests.football-data.org/70.png,Stanley Matthews Way Stoke-on-Trent ST4 4EG,http://www.stokecityfc.com,1863,Red / White,Bet365 Stadium,2022-02-25T16:56:58Z,ELC,Championship,2023
40,5,1.0,,8225,Jordan Hugill,Jordan,Hugill,1992-06-04,England,Offence,,,2024-05-17T09:42:57Z,385,Rotherham United FC,Rotherham Utd,ROT,https://crests.football-data.org/385.png,New York Way Rotherham S60 1AH,http://www.themillers.co.uk,1870,Red / White,New York Stadium,2022-02-25T16:43:19Z,ELC,Championship,2023
35,5,3.0,,114123,Jack Rudoni,Jack,Rudoni,2001-06-14,England,Central Midfield,,,2024-09-02T09:59:07Z,394,Huddersfield Town AFC,Huddersfield,HUD,https://crests.football-data.org/394.png,Stadium Way Huddersfield HD1 6PX,http://www.htafc.com,1908,Blue / White,The John Smith's Stadium,2022-02-10T19:15:53Z,ELC,Championship,2023
34,5,5.0,,110807,Liam Millar,Liam,Millar,1999-09-27,Canada,Left Winger,,,2024-09-02T09:59:05Z,1081,Preston North End FC,Preston NE,PNE,https://crests.football-data.org/1081.png,Sir Tom Finney Way Preston PR1 6RU,http://www.pnefc.net,1863,White / Navy Blue,Deepdale Stadium,2022-02-10T19:33:12Z,ELC,Championship,2023
27,5,1.0,2.0,3400,Kelechi Iheanacho,Kelechi,Iheanacho,1996-10-03,Nigeria,Centre-Forward,,,2024-08-23T09:25:15Z,338,Leicester City FC,Leicester City,LEI,https://crests.football-data.org/338.png,"The Walkers Stadium, Filbert Way Leicester LE2 7FL",http://www.lcfc.com,1884,Royal Blue / White,King Power Stadium,2022-02-10T19:48:23Z,ELC,Championship,2023
30,5,2.0,,31141,Arnór Sigurðsson,Arnór,Sigurðsson,1999-05-15,Iceland,Left Winger,,17.0,2024-09-02T09:59:05Z,59,Blackburn Rovers FC,Blackburn,BLA,https://crests.football-data.org/59.png,Ewood Park Blackburn BB2 4JF,http://www.rovers.co.uk,1874,Blue / White,Ewood Park,2022-02-19T08:50:27Z,ELC,Championship,2023
26,5,1.0,,165187,Josh Coburn,Josh,Coburn,2002-12-06,England,Centre-Forward,,,2024-09-02T09:59:07Z,343,Middlesbrough FC,Middlesbrough,MID,https://crests.football-data.org/343.png,Riverside Stadium Middlesbrough TS3 6RS,http://www.mfc.co.uk,1876,Red / White,Riverside Stadium,2022-02-19T08:58:41Z,ELC,Championship,2023
48,5,5.0,,4017,Darnell Furlong,Darnell,Furlong,1995-10-31,England,Right-Back,,,2024-09-02T09:59:05Z,74,West Bromwich Albion FC,West Brom,WBA,https://crests.football-data.org/74.png,The Hawthorns West Bromwich B71 4LF,http://www.wba.co.uk,1879,White / Navy Blue,The Hawthorns,2022-02-19T09:11:36Z,ELC,Championship,2023
42,5,8.0,,15614,Stuart Armstrong,Stuart,Armstrong,1992-03-30,Scotland,Central Midfield,,,2024-08-23T09:25:15Z,340,Southampton FC,Southampton,SOU,https://crests.football-data.org/340.png,Britannia Road Southampton SO14 5FP,http://www.saintsfc.co.uk,1885,Red / White / Black,St. Mary's Stadium,2022-02-10T19:48:04Z,ELC,Championship,2023
42,5,2.0,,157406,Sam Greenwood,Sam,Greenwood,2002-01-26,England,Attacking Midfield,,,2024-09-02T09:59:07Z,343,Middlesbrough FC,Middlesbrough,MID,https://crests.football-data.org/343.png,Riverside Stadium Middlesbrough TS3 6RS,http://www.mfc.co.uk,1876,Red / White,Riverside Stadium,2022-02-19T08:58:41Z,ELC,Championship,2023
36,5,4.0,,149049,Tyrhys Dolan,Tyrhys,Dolan,2001-12-28,England,Right Winger,,,2024-09-02T09:59:05Z,59,Blackburn Rovers FC,Blackburn,BLA,https://crests.football-data.org/59.png,Ewood Park Blackburn BB2 4JF,http://www.rovers.co.uk,1874,Blue / White,Ewood Park,2022-02-19T08:50:27Z,ELC,Championship,2023
41,5,1.0,,5502,Rob Dickie,Rob,Dickie,1996-03-03,England,Centre-Back,,,2024-09-02T09:59:07Z,387,Bristol City FC,Bristol City,BRI,https://crests.football-data.org/387.png,Ashton Gate Bristol BS3 2EJ,http://www.bcfc.co.uk,1894,Red / White,Ashton Gate Stadium,2024-07-29T17:18:14Z,ELC,Championship,2023
39,5,2.0,,8854,Edo Kayembe,Edo,Kayembe,1998-06-03,DR Congo,Defensive Midfield,,39.0,2024-09-02T09:59:06Z,346,Watford FC,Watford,WAT,https://crests.football-data.org/346.png,Vicarage Road Watford WD18 0ER,http://www.watfordfc.com,1881,Yellow / Black,Vicarage Road Stadium,2022-07-26T17:53:47Z,ELC,Championship,2023
31,5,1.0,,11748,Rhys Healey,Rhys,Healey,1994-12-06,England,Offence,,,2024-08-04T23:09:37Z,394,Huddersfield Town AFC,Huddersfield,HUD,https://crests.football-data.org/394.png,Stadium Way Huddersfield HD1 6PX,http://www.htafc.com,1908,Blue / White,The John Smith's Stadium,2022-02-10T19:15:53Z,ELC,Championship,2023
42,4,5.0,,102044,Ki-Jana Hoever,Ki-Jana,Hoever,2002-01-18,Netherlands,Right-Back,,,2024-08-23T09:25:15Z,70,Stoke City FC,Stoke,STK,https://crests.football-data.org/70.png,Stanley Matthews Way Stoke-on-Trent ST4 4EG,http://www.stokecityfc.com,1863,Red / White,Bet365 Stadium,2022-02-25T16:56:58Z,ELC,Championship,2023
42,4,4.0,,172127,Dan Neil,Dan,Neil,2001-11-30,England,Central Midfield,,,2024-09-02T09:59:05Z,71,Sunderland AFC,Sunderland,SUN,https://crests.football-data.org/71.png,The Sunderland Stadium of Light Sunderland SR5 1SU,http://www.safc.com,1879,Red / White,Stadium of Light,2022-02-19T09:12:07Z,ELC,Championship,2023
44,4,2.0,,7445,Kenneth Paal,Kenneth,Paal,1997-06-24,Suriname,Left-Back,,,2024-09-02T09:59:05Z,69,Queens Park Rangers FC,QPR,QPR,https://crests.football-data.org/69.png,"South Africa Road, Shepherds Bush London W12 7PA",http://www.qpr.co.uk,1882,Blue / White,Kiyan Prince Foundation Stadium,2022-02-22T14:17:12Z,ELC,Championship,2023
36,4,,,6473,Michael Smith,Michael,Smith,1991-10-17,England,Centre-Forward,,,2024-09-02T09:59:06Z,345,Sheffield Wednesday FC,Sheffield Wed,SHE,https://crests.football-data.org/345.png,"Hillsborough Sheffield, Yorkshire S6 1SW",http://www.swfc.co.uk,1820,Blue / White / Black,Hillsborough Stadium,2022-02-19T08:58:10Z,ELC,Championship,2023
40,4,,,60866,Hakeem Odoffin,Hakeem,Odoffin,1998-04-13,England,Defence,,2.0,2023-07-30T19:41:21Z,385,Rotherham United FC,Rotherham Utd,ROT,https://crests.football-data.org/385.png,New York Way Rotherham S60 1AH,http://www.themillers.co.uk,1870,Red / White,New York Stadium,2022-02-25T16:43:19Z,ELC,Championship,2023
40,4,5.0,,5441,Duane Holmes,Duane,Holmes,1994-11-06,USA,Right Midfield,,,2024-09-02T09:59:07Z,1081,Preston North End FC,Preston NE,PNE,https://crests.football-data.org/1081.png,Sir Tom Finney Way Preston PR1 6RU,http://www.pnefc.net,1863,White / Navy Blue,Deepdale Stadium,2022-02-10T19:33:12Z,ELC,Championship,2023
32,4,5.0,,3383,Wilfred Ndidi,Wilfred,Ndidi,1996-12-16,Nigeria,Defensive Midfield,,,2024-08-23T09:25:15Z,338,Leicester City FC,Leicester City,LEI,https://crests.football-data.org/338.png,"The Walkers Stadium, Filbert Way Leicester LE2 7FL",http://www.lcfc.com,1884,Royal Blue / White,King Power Stadium,2022-02-10T19:48:23Z,ELC,Championship,2023
41,4,9.0,,26444,Sorba Thomas,Sorba,Thomas,1999-08-22,Wales,Right Winger,,,2024-08-23T10:11:40Z,394,Huddersfield Town AFC,Huddersfield,HUD,https://crests.football-data.org/394.png,Stadium Way Huddersfield HD1 6PX,http://www.htafc.com,1908,Blue / White,The John Smith's Stadium,2022-02-10T19:15:53Z,ELC,Championship,2023
45,4,,,9033,Dimitrios Goutas,Dimitrios,Goutas,1994-04-04,Greece,Centre-Back,,,2024-09-02T09:59:07Z,715,Cardiff City FC,Cardiff,CAR,https://crests.football-data.org/715.png,"Cardiff City Stadium, Leckwith Road Cardiff CF11 8AZ",http://www.cardiffcityfc.co.uk,1899,Blue / White,Cardiff City Stadium,2022-02-19T08:59:02Z,ELC,Championship,2023
33,4,3.0,,4354,Tom Bradshaw,Tom,Bradshaw,1992-07-27,Wales,Centre-Forward,,,2024-09-02T09:59:07Z,384,Millwall FC,Millwall,MIL,https://crests.football-data.org/384.png,Zampa Road London SE16 3LN,http://www.millwallfc.co.uk,1885,Blue / White,The Den,2022-02-19T09:00:14Z,ELC,Championship,2023
22,4,1.0,,4525,Riley McGree,Riley,McGree,1998-11-02,Australia,Central Midfield,,8.0,2024-09-02T09:59:06Z,343,Middlesbrough FC,Middlesbrough,MID,https://crests.football-data.org/343.png,Riverside Stadium Middlesbrough TS3 6RS,http://www.mfc.co.uk,1876,Red / White,Riverside Stadium,2022-02-19T08:58:41Z,ELC,Championship,2023
46,4,4.0,2.0,6358,Matt Grimes,Matt,Grimes,1995-07-15,England,Defensive Midfield,,,2024-09-02T09:59:05Z,72,Swansea City AFC,Swansea,SWA,https://crests.football-data.org/72.png,"Liberty Stadium, Landore Swansea, Glamorgan SA1 2FA",http://www.swanseacity.net,1912,White / Black,Liberty Stadium,2022-03-22T10:08:20Z,ELC,Championship,2023
43,4,2.0,,8087,Wesley Hoedt,Wesley,Hoedt,1994-03-06,Netherlands,Defence,,,2024-08-04T23:09:36Z,346,Watford FC,Watford,WAT,https://crests.football-data.org/346.png,Vicarage Road Watford WD18 0ER,http://www.watfordfc.com,1881,Yellow / Black,Vicarage Road Stadium,2022-07-26T17:53:47Z,ELC,Championship,2023
43,4,,,7971,Kyle Bartley,Kyle,Bartley,1991-05-22,England,Centre-Back,,,2024-09-02T09:59:05Z,74,West Bromwich Albion FC,West Brom,WBA,https://crests.football-data.org/74.png,The Hawthorns West Bromwich B71 4LF,http://www.wba.co.uk,1879,White / Navy Blue,The Hawthorns,2022-02-19T09:11:36Z,ELC,Championship,2023
40,4,1.0,,5686,Marcus Harness,Marcus,Harness,1996-02-24,Ireland,Left Winger,,,2024-08-23T09:25:15Z,349,Ipswich Town FC,Ipswich Town,IPS,https://crests.football-data.org/349.png,Portman Road Ipswich IP1 2DA,http://www.itfc.co.uk,1887,Blue / White,Portman Road Stadium,2022-10-28T10:50:05Z,ELC,Championship,2023
37,4,,,4070,Duncan Watmore,Duncan,Watmore,1994-03-08,England,Right Winger,,,2024-09-02T09:59:07Z,384,Millwall FC,Millwall,MIL,https://crests.football-data.org/384.png,Zampa Road London SE16 3LN,http://www.millwallfc.co.uk,1885,Blue / White,The Den,2022-02-19T09:00:14Z,ELC,Championship,2023
42,4,2.0,,171323,Sam Silvera,Sam,Silvera,2000-10-25,Australia,Left Winger,,,2024-09-02T09:59:06Z,343,Middlesbrough FC,Middlesbrough,MID,https://crests.football-data.org/343.png,Riverside Stadium Middlesbrough TS3 6RS,http://www.mfc.co.uk,1876,Red / White,Riverside Stadium,2022-02-19T08:58:41Z,ELC,Championship,2023
41,4,4.0,1.0,11362,Alan Browne,Alan,Browne,1995-04-15,Ireland,Central Midfield,,,2024-09-02T09:59:05Z,1081,Preston North End FC,Preston NE,PNE,https://crests.football-data.org/1081.png,Sir Tom Finney Way Preston PR1 6RU,http://www.pnefc.net,1863,White / Navy Blue,Deepdale Stadium,2022-02-10T19:33:12Z,ELC,Championship,2023
41,4,4.0,,16749,Chris Willock,Chris,Willock,1998-01-31,England,Left Winger,,,2024-09-02T09:59:07Z,69,Queens Park Rangers FC,QPR,QPR,https://crests.football-data.org/69.png,"South Africa Road, Shepherds Bush London W12 7PA",http://www.qpr.co.uk,1882,Blue / White,Kiyan Prince Foundation Stadium,2022-02-22T14:17:12Z,ELC,Championship,2023
45,4,3.0,,172183,Ismael Kone,Ismaël,Koné,2002-06-06,Canada,Midfield,,,2024-06-16T09:43:24Z,346,Watford FC,Watford,WAT,https://crests.football-data.org/346.png,Vicarage Road Watford WD18 0ER,http://www.watfordfc.com,1881,Yellow / Black,Vicarage Road Stadium,2022-07-26T17:53:47Z,ELC,Championship,2023
30,4,4.0,,4211,Marvin Johnson,Marvin,Johnson,1990-12-01,England,Left Midfield,,,2024-09-02T09:59:06Z,345,Sheffield Wednesday FC,Sheffield Wed,SHE,https://crests.football-data.org/345.png,"Hillsborough Sheffield, Yorkshire S6 1SW",http://www.swfc.co.uk,1820,Blue / White / Black,Hillsborough Stadium,2022-02-19T08:58:10Z,ELC,Championship,2023
45,4,2.0,,118587,Jason Knight,Jason,Knight,2001-02-13,Ireland,Attacking Midfield,,,2024-09-02T09:59:07Z,387,Bristol City FC,Bristol City,BRI,https://crests.football-data.org/387.png,Ashton Gate Bristol BS3 2EJ,http://www.bcfc.co.uk,1894,Red / White,Ashton Gate Stadium,2024-07-29T17:18:14Z,ELC,Championship,2023
38,4,1.0,,181932,Djeidi Gassama,Djeidi,Gassama,2003-09-10,France,Left Winger,,,2024-09-02T09:59:06Z,345,Sheffield Wednesday FC,Sheffield Wed,SHE,https://crests.football-data.org/345.png,"Hillsborough Sheffield, Yorkshire S6 1SW",http://www.swfc.co.uk,1820,Blue / White / Black,Hillsborough Stadium,2022-02-19T08:58:10Z,ELC,Championship,2023
45,4,1.0,,152437,Anis Mehmeti,Anis,Mehmeti,2001-01-09,Albania,Left Winger,,,2024-09-02T09:59:07Z,387,Bristol City FC,Bristol City,BRI,https://crests.football-data.org/387.png,Ashton Gate Bristol BS3 2EJ,http://www.bcfc.co.uk,1894,Red / White,Ashton Gate Stadium,2024-07-29T17:18:14Z,ELC,Championship,2023
46,4,3.0,,172554,Tom Fellows,Tom,Fellows,2003-07-25,England,Right Midfield,,,2024-09-02T09:59:05Z,74,West Bromwich Albion FC,West Brom,WBA,https://crests.football-data.org/74.png,The Hawthorns West Bromwich B71 4LF,http://www.wba.co.uk,1879,White / Navy Blue,The Hawthorns,2022-02-19T09:11:36Z,ELC,Championship,2023
22,4,,,5508,Joe Rothwell,Joe,Rothwell,1995-01-11,England,Central Midfield,,,2024-08-23T09:25:15Z,340,Southampton FC,Southampton,SOU,https://crests.football-data.org/340.png,Britannia Road Southampton SO14 5FP,http://www.saintsfc.co.uk,1885,Red / White / Black,St. Mary's Stadium,2022-02-10T19:48:04Z,ELC,Championship,2023
17,4,,,8894,Emmanuel Dennis,Emmanuel,Dennis,1997-11-15,Nigeria,Centre-Forward,,42.0,2024-08-23T09:25:15Z,346,Watford FC,Watford,WAT,https://crests.football-data.org/346.png,Vicarage Road Watford WD18 0ER,http://www.watfordfc.com,1881,Yellow / Black,Vicarage Road Stadium,2022-07-26T17:53:47Z,ELC,Championship,2023
16,4,,1.0,177008,Ali Al-Hamadi,Ali,Al Hamadi,2002-03-01,Iraq,Centre-Forward,,,2024-08-23T09:25:15Z,349,Ipswich Town FC,Ipswich Town,IPS,https://crests.football-data.org/349.png,Portman Road Ipswich IP1 2DA,http://www.itfc.co.uk,1887,Blue / White,Portman Road Stadium,2022-10-28T10:50:05Z,ELC,Championship,2023
42,4,1.0,,8022,Sam Field,Sam,Field,1998-05-08,England,Defensive Midfield,,,2024-09-02T09:59:05Z,69,Queens Park Rangers FC,QPR,QPR,https://crests.football-data.org/69.png,"South Africa Road, Shepherds Bush London W12 7PA",http://www.qpr.co.uk,1882,Blue / White,Kiyan Prince Foundation Stadium,2022-02-22T14:17:12Z,ELC,Championship,2023
16,4,1.0,,150634,Million Manhoef,Million,Manhoef,2002-01-03,Netherlands,Right Winger,,,2024-09-02T09:59:05Z,70,Stoke City FC,Stoke,STK,https://crests.football-data.org/70.png,Stanley Matthews Way Stoke-on-Trent ST4 4EG,http://www.stokecityfc.com,1863,Red / White,Bet365 Stadium,2022-02-25T16:56:58Z,ELC,Championship,2023
23,3,2.0,,190955,Harry Leonard,Harry,Leonard,2003-09-12,England,Centre-Forward,,,2024-09-02T09:59:05Z,59,Blackburn Rovers FC,Blackburn,BLA,https://crests.football-data.org/59.png,Ewood Park Blackburn BB2 4JF,http://www.rovers.co.uk,1874,Blue / White,Ewood Park,2022-02-19T08:50:27Z,ELC,Championship,2023
29,3,3.0,,8023,Matt Phillips,Matthew,Phillips,1991-03-13,Scotland,Right Winger,,,2024-09-02T09:59:07Z,74,West Bromwich Albion FC,West Brom,WBA,https://crests.football-data.org/74.png,The Hawthorns West Bromwich B71 4LF,http://www.wba.co.uk,1879,White / Navy Blue,The Hawthorns,2022-02-19T09:11:36Z,ELC,Championship,2023
43,3,3.0,,4053,Bali Mumba,Bali,Mumba,2001-10-08,England,Right-Back,,,2024-09-02T09:59:08Z,1138,Plymouth Argyle FC,Plymouth Arg,PLY,https://crests.football-data.org/1138.png,Home Park Plymouth PL2 3DQ,http://www.pafc.co.uk,1886,Green / White,Home Park,2022-02-22T14:07:04Z,ELC,Championship,2023
34,3,1.0,1.0,4127,Lukas Jutkiewicz,Lukas,Jutkiewicz,1989-03-28,England,Offence,,,2023-07-30T19:41:18Z,332,Birmingham City FC,Birmingham,BIR,https://crests.football-data.org/332.png,St. Andrew's Stadium Birmingham B9 4RL,http://www.bcfc.com,1875,Blue / White,St Andrew's Trillion Trophy Stadium,2022-02-20T08:43:10Z,ELC,Championship,2023
44,3,3.0,,180386,Sinclair Armstrong,Sinclair,Armstrong,2003-06-22,Ireland,Centre-Forward,,,2024-09-02T09:59:07Z,69,Queens Park Rangers FC,QPR,QPR,https://crests.football-data.org/69.png,"South Africa Road, Shepherds Bush London W12 7PA",http://www.qpr.co.uk,1882,Blue / White,Kiyan Prince Foundation Stadium,2022-02-22T14:17:12Z,ELC,Championship,2023
37,3,,,8070,Matty James,Matty,James,1991-07-22,England,Midfield,,,2024-08-04T23:09:37Z,387,Bristol City FC,Bristol City,BRI,https://crests.football-data.org/387.png,Ashton Gate Bristol BS3 2EJ,http://www.bcfc.co.uk,1894,Red / White,Ashton Gate Stadium,2024-07-29T17:18:14Z,ELC,Championship,2023
43,3,3.0,,6241,Kayden Jackson,Kayden,Jackson,1994-02-22,England,Centre-Forward,,,2024-08-23T09:25:15Z,349,Ipswich Town FC,Ipswich Town,IPS,https://crests.football-data.org/349.png,Portman Road Ipswich IP1 2DA,http://www.itfc.co.uk,1887,Blue / White,Portman Road Stadium,2022-10-28T10:50:05Z,ELC,Championship,2023
45,3,6.0,,113394,Mads Frøkjær-Jensen,Mads,Frøkjær-Jensen,1999-07-29,Denmark,Attacking Midfield,,,2024-09-02T09:59:07Z,1081,Preston North End FC,Preston NE,PNE,https://crests.football-data.org/1081.png,Sir Tom Finney Way Preston PR1 6RU,http://www.pnefc.net,1863,White / Navy Blue,Deepdale Stadium,2022-02-10T19:33:12Z,ELC,Championship,2023
42,3,2.0,,6276,Harry Darling,Harry,Darling,1999-08-08,England,Centre-Back,,,2024-09-02T09:59:05Z,72,Swansea City AFC,Swansea,SWA,https://crests.football-data.org/72.png,"Liberty Stadium, Landore Swansea, Glamorgan SA1 2FA",http://www.swanseacity.net,1912,White / Black,Liberty Stadium,2022-03-22T10:08:20Z,ELC,Championship,2023
24,3,3.0,,4129,Sam Gallagher,Sam,Gallagher,1995-09-15,England,Centre-Forward,,,2024-09-02T09:59:05Z,59,Blackburn Rovers FC,Blackburn,BLA,https://crests.football-data.org/59.png,Ewood Park Blackburn BB2 4JF,http://www.rovers.co.uk,1874,Blue / White,Ewood Park,2022-02-19T08:50:27Z,ELC,Championship,2023
14,3,1.0,1.0,7791,Aaron Ramsey,Aaron,Ramsey,1990-12-26,Wales,Central Midfield,,,2024-09-02T09:59:07Z,715,Cardiff City FC,Cardiff,CAR,https://crests.football-data.org/715.png,"Cardiff City Stadium, Leckwith Road Cardiff CF11 8AZ",http://www.cardiffcityfc.co.uk,1899,Blue / White,Cardiff City Stadium,2022-02-19T08:59:02Z,ELC,Championship,2023
45,3,,,4333,Liam Lindsay,Liam,Lindsay,1995-10-12,Scotland,Centre-Back,,,2024-09-02T09:59:07Z,1081,Preston North End FC,Preston NE,PNE,https://crests.football-data.org/1081.png,Sir Tom Finney Way Preston PR1 6RU,http://www.pnefc.net,1863,White / Navy Blue,Deepdale Stadium,2022-02-10T19:33:12Z,ELC,Championship,2023
28,3,1.0,,11775,Jack Colback,Jack,Colback,1989-10-24,England,Defensive Midfield,,,2024-09-02T09:59:05Z,69,Queens Park Rangers FC,QPR,QPR,https://crests.football-data.org/69.png,"South Africa Road, Shepherds Bush London W12 7PA",http://www.qpr.co.uk,1882,Blue / White,Kiyan Prince Foundation Stadium,2022-02-22T14:17:12Z,ELC,Championship,2023
47,3,1.0,,34871,Cédric Kipré,Cédric,Kipré,1996-12-09,Ivory Coast,Centre-Back,,,2024-08-23T10:11:40Z,74,West Bromwich Albion FC,West Brom,WBA,https://crests.football-data.org/74.png,The Hawthorns West Bromwich B71 4LF,http://www.wba.co.uk,1879,White / Navy Blue,The Hawthorns,2022-02-19T09:11:36Z,ELC,Championship,2023
38,3,1.0,,4240,Andre Dozzell,Andre,Dozzell,1999-05-02,England,Central Midfield,,,2024-09-02T09:59:06Z,332,Birmingham City FC,Birmingham,BIR,https://crests.football-data.org/332.png,St. Andrew's Stadium Birmingham B9 4RL,http://www.bcfc.com,1875,Blue / White,St Andrew's Trillion Trophy Stadium,2022-02-20T08:43:10Z,ELC,Championship,2023
42,3,2.0,,190940,Ryan Andrews,Ryan,Andrews,2004-08-26,England,Right-Back,,,2024-09-02T09:59:06Z,346,Watford FC,Watford,WAT,https://crests.football-data.org/346.png,Vicarage Road Watford WD18 0ER,http://www.watfordfc.com,1881,Yellow / Black,Vicarage Road Stadium,2022-07-26T17:53:47Z,ELC,Championship,2023
43,3,,,121109,Daniel Ballard,Daniel,Ballard,1999-09-22,Northern Ireland,Centre-Back,,,2024-09-02T09:59:05Z,71,Sunderland AFC,Sunderland,SUN,https://crests.football-data.org/71.png,The Sunderland Stadium of Light Sunderland SR5 1SU,http://www.safc.com,1879,Red / White,Stadium of Light,2022-02-19T09:12:07Z,ELC,Championship,2023
45,3,3.0,,165311,Abdoullah Ba,Abdoullah,Ba,2003-07-31,France,Right Midfield,,,2024-09-02T09:59:05Z,71,Sunderland AFC,Sunderland,SUN,https://crests.football-data.org/71.png,The Sunderland Stadium of Light Sunderland SR5 1SU,http://www.safc.com,1879,Red / White,Stadium of Light,2022-02-19T09:12:07Z,ELC,Championship,2023
24,3,5.0,,213246,Matt Crooks,Matt,Crooks,1994-01-20,England,Midfield,,,2023-07-30T23:04:08Z,343,Middlesbrough FC,Middlesbrough,MID,https://crests.football-data.org/343.png,Riverside Stadium Middlesbrough TS3 6RS,http://www.mfc.co.uk,1876,Red / White,Riverside Stadium,2022-02-19T08:58:41Z,ELC,Championship,2023
45,3,2.0,,99324,Adam Randell,Adam,Randell,2000-10-01,England,Defensive Midfield,,,2024-09-02T09:59:08Z,1138,Plymouth Argyle FC,Plymouth Arg,PLY,https://crests.football-data.org/1138.png,Home Park Plymouth PL2 3DQ,http://www.pafc.co.uk,1886,Green / White,Home Park,2022-02-22T14:07:04Z,ELC,Championship,2023
30,3,,,97281,Kion Etete,Kion,Etete,2001-11-28,England,Centre-Forward,,,2024-09-02T09:59:07Z,715,Cardiff City FC,Cardiff,CAR,https://crests.football-data.org/715.png,"Cardiff City Stadium, Leckwith Road Cardiff CF11 8AZ",http://www.cardiffcityfc.co.uk,1899,Blue / White,Cardiff City Stadium,2022-02-19T08:59:02Z,ELC,Championship,2023
39,3,3.0,,131122,Ryan Longman,Ryan,Longman,2000-11-06,England,Left Winger,,,2024-09-02T09:59:05Z,384,Millwall FC,Millwall,MIL,https://crests.football-data.org/384.png,Zampa Road London SE16 3LN,http://www.millwallfc.co.uk,1885,Blue / White,The Den,2022-02-19T09:00:14Z,ELC,Championship,2023
39,3,1.0,,213237,Matty Pearson,Matty,Pearson,1993-08-03,England,Defence,,,2023-07-30T23:04:09Z,394,Huddersfield Town AFC,Huddersfield,HUD,https://crests.football-data.org/394.png,Stadium Way Huddersfield HD1 6PX,http://www.htafc.com,1908,Blue / White,The John Smith's Stadium,2022-02-10T19:15:53Z,ELC,Championship,2023
42,3,,,3416,Massimo Luongo,Massimo,Luongo,1992-09-25,Australia,Central Midfield,,,2024-08-23T09:25:15Z,349,Ipswich Town FC,Ipswich Town,IPS,https://crests.football-data.org/349.png,Portman Road Ipswich IP1 2DA,http://www.itfc.co.uk,1887,Blue / White,Portman Road Stadium,2022-10-28T10:50:05Z,ELC,Championship,2023
45,3,4.0,,176782,Charlie Patino,Charlie,Patiño,2003-10-17,England,Midfield,,,2025-02-13T09:45:01Z,72,Swansea City AFC,Swansea,SWA,https://crests.football-data.org/72.png,"Liberty Stadium, Landore Swansea, Glamorgan SA1 2FA",http://www.swanseacity.net,1912,White / Black,Liberty Stadium,2022-03-22T10:08:20Z,ELC,Championship,2023
23,3,,1.0,4146,Pascal Struijk,Pascal,Struijk,1999-08-11,Netherlands,Centre-Back,,,2024-09-02T09:59:06Z,341,Leeds United FC,Leeds United,LEE,https://crests.football-data.org/341.png,Elland Road Leeds LS11 0ES,http://www.leedsunited.com,1904,White / Blue,Elland Road,2022-02-10T19:27:14Z,ELC,Championship,2023
30,3,2.0,,5302,Ben Whiteman,Ben,Whiteman,1996-06-17,England,Central Midfield,,,2024-09-02T09:59:07Z,1081,Preston North End FC,Preston NE,PNE,https://crests.football-data.org/1081.png,Sir Tom Finney Way Preston PR1 6RU,http://www.pnefc.net,1863,White / Navy Blue,Deepdale Stadium,2022-02-10T19:33:12Z,ELC,Championship,2023
24,3,3.0,,9149,Ryan Mmaee,Ryan,Mmaee,1997-11-01,Morocco,Centre-Forward,,,2024-09-02T09:59:05Z,70,Stoke City FC,Stoke,STK,https://crests.football-data.org/70.png,Stanley Matthews Way Stoke-on-Trent ST4 4EG,http://www.stokecityfc.com,1863,Red / White,Bet365 Stadium,2022-02-25T16:56:58Z,ELC,Championship,2023
36,3,,,4111,Wes Harding,Wes,Harding,1996-10-20,Jamaica,Centre-Back,,,2024-09-02T09:59:07Z,384,Millwall FC,Millwall,MIL,https://crests.football-data.org/384.png,Zampa Road London SE16 3LN,http://www.millwallfc.co.uk,1885,Blue / White,The Den,2022-02-19T09:00:14Z,ELC,Championship,2023
32,3,1.0,,24045,Mustapha Bundu,Mustapha,Bundu,1997-02-28,Sierra Leone,Right Winger,,,2024-09-02T09:59:08Z,1138,Plymouth Argyle FC,Plymouth Arg,PLY,https://crests.football-data.org/1138.png,Home Park Plymouth PL2 3DQ,http://www.pafc.co.uk,1886,Green / White,Home Park,2022-02-22T14:07:04Z,ELC,Championship,2023
47,3,3.0,,7995,Kyle Walker-Peters,Kyle,Walker-Peters,1997-04-13,England,Right-Back,,,2024-08-23T09:25:15Z,340,Southampton FC,Southampton,SOU,https://crests.football-data.org/340.png,Britannia Road Southampton SO14 5FP,http://www.saintsfc.co.uk,1885,Red / White / Black,St. Mary's Stadium,2022-02-10T19:48:04Z,ELC,Championship,2023
27,3,1.0,,140269,Carlos Alcaraz,Carlos,Alcaraz,2002-11-30,Argentina,Central Midfield,,,2025-04-01T09:43:05Z,340,Southampton FC,Southampton,SOU,https://crests.football-data.org/340.png,Britannia Road Southampton SO14 5FP,http://www.saintsfc.co.uk,1885,Red / White / Black,St. Mary's Stadium,2022-02-10T19:48:04Z,ELC,Championship,2023
17,3,1.0,,170424,Ui-jo Hwang,Ui-jo,Hwang,1992-08-28,South Korea,Centre-Forward,,,2024-08-23T09:25:15Z,68,Norwich City FC,Norwich,NOR,https://crests.football-data.org/68.png,Carrow Road Norwich NR1 1JE,http://www.canaries.co.uk,1902,Yellow / Green,Carrow Road,2022-03-23T08:28:03Z,ELC,Championship,2023
44,3,,,5053,Joe Edwards,Joe,Edwards,1990-10-31,England,Right Midfield,,,2024-09-02T09:59:08Z,1138,Plymouth Argyle FC,Plymouth Arg,PLY,https://crests.football-data.org/1138.png,Home Park Plymouth PL2 3DQ,http://www.pafc.co.uk,1886,Green / White,Home Park,2022-02-22T14:07:04Z,ELC,Championship,2023
43,3,3.0,,6401,Sam Nombe,Sam,Nombe,1998-10-22,England,Offence,,,2023-08-14T09:57:02Z,385,Rotherham United FC,Rotherham Utd,ROT,https://crests.football-data.org/385.png,New York Way Rotherham S60 1AH,http://www.themillers.co.uk,1870,Red / White,New York Stadium,2022-02-25T16:43:19Z,ELC,Championship,2023
40,3,1.0,,177169,Brooke Norton-Cuffy,Brooke,Norton-Cuffy,2004-01-12,England,Right-Back,,,2024-08-23T10:11:37Z,384,Millwall FC,Millwall,MIL,https://crests.football-data.org/384.png,Zampa Road London SE16 3LN,http://www.millwallfc.co.uk,1885,Blue / White,The Den,2022-02-19T09:00:14Z,ELC,Championship,2023
31,3,1.0,,6199,Ben Sheaf,Ben,Sheaf,1998-02-05,England,Defensive Midfield,,,2024-09-02T09:59:07Z,1076,Coventry City FC,Coventry City,COV,https://crests.football-data.org/1076.png,"Gallagher Retail Park, Stoney Stanton Road Coventry CV6 5QE",http://www.ccfc.co.uk,1883,Sky Blue / White,St Andrew's Trillion Trophy Stadium,2022-02-19T08:56:17Z,ELC,Championship,2023
40,3,5.0,,175845,Tyler Morton,Tyler,Morton,2002-10-31,England,Defensive Midfield,,,2024-11-28T13:36:10Z,322,Hull City AFC,Hull City,HUL,https://crests.football-data.org/322.png,Walton Street Hull HU3 6HU,http://www.hullcitytigers.com,1904,Orange / Black,Kingston Communications Stadium,2022-02-22T14:19:00Z,ELC,Championship,2023
39,3,3.0,,76770,Wouter Burger,Wouter,Burger,2001-02-16,Netherlands,Defensive Midfield,,,2024-09-02T09:59:05Z,70,Stoke City FC,Stoke,STK,https://crests.football-data.org/70.png,Stanley Matthews Way Stoke-on-Trent ST4 4EG,http://www.stokecityfc.com,1863,Red / White,Bet365 Stadium,2022-02-25T16:56:58Z,ELC,Championship,2023
43,3,2.0,,4037,Paul Smyth,Paul,Smyth,1997-09-10,Northern Ireland,Right Winger,,,2024-09-02T09:59:05Z,69,Queens Park Rangers FC,QPR,QPR,https://crests.football-data.org/69.png,"South Africa Road, Shepherds Bush London W12 7PA",http://www.qpr.co.uk,1882,Blue / White,Kiyan Prince Foundation Stadium,2022-02-22T14:17:12Z,ELC,Championship,2023
27,3,,,7965,Tyrese Campbell,Tyrese,Campbell,1999-12-28,England,Centre-Forward,,,2024-09-02T09:59:07Z,70,Stoke City FC,Stoke,STK,https://crests.football-data.org/70.png,Stanley Matthews Way Stoke-on-Trent ST4 4EG,http://www.stokecityfc.com,1863,Red / White,Bet365 Stadium,2022-02-25T16:56:58Z,ELC,Championship,2023
32,3,2.0,,189631,Bailey Cadamarteri,Bailey,Cadamarteri,2005-05-09,Jamaica,Offence,,,2024-08-04T23:09:36Z,345,Sheffield Wednesday FC,Sheffield Wed,SHE,https://crests.football-data.org/345.png,"Hillsborough Sheffield, Yorkshire S6 1SW",http://www.swfc.co.uk,1820,Blue / White / Black,Hillsborough Stadium,2022-02-19T08:58:10Z,ELC,Championship,2023
23,3,,,213240,Danny Ward,Danny,Ward,1991-12-11,England,Offence,,,2023-07-30T23:04:09Z,394,Huddersfield Town AFC,Huddersfield,HUD,https://crests.football-data.org/394.png,Stadium Way Huddersfield HD1 6PX,http://www.htafc.com,1908,Blue / White,The John Smith's Stadium,2022-02-10T19:15:53Z,ELC,Championship,2023
41,3,3.0,,10182,Ricardo Pereira,,Ricardo Pereira,1993-10-06,Portugal,Right-Back,,,2024-08-23T09:25:15Z,338,Leicester City FC,Leicester City,LEI,https://crests.football-data.org/338.png,"The Walkers Stadium, Filbert Way Leicester LE2 7FL",http://www.lcfc.com,1884,Royal Blue / White,King Power Stadium,2022-02-10T19:48:23Z,ELC,Championship,2023
42,3,1.0,,151552,Sekou Mara,Sékou,Mara,2002-07-30,France,Centre-Forward,,,2024-08-23T09:25:15Z,340,Southampton FC,Southampton,SOU,https://crests.football-data.org/340.png,Britannia Road Southampton SO14 5FP,http://www.saintsfc.co.uk,1885,Red / White / Black,St. Mary's Stadium,2022-02-10T19:48:04Z,ELC,Championship,2023
44,3,1.0,,6318,Joe Aribo,Joe,Aribo,1996-07-21,Nigeria,Central Midfield,,17.0,2024-08-23T09:25:15Z,340,Southampton FC,Southampton,SOU,https://crests.football-data.org/340.png,Britannia Road Southampton SO14 5FP,http://www.saintsfc.co.uk,1885,Red / White / Black,St. Mary's Stadium,2022-02-10T19:48:04Z,ELC,Championship,2023
38,3,3.0,,4197,Andreas Weimann,Andreas,Weimann,1991-08-05,Austria,Attacking Midfield,,,2024-09-02T09:59:05Z,74,West Bromwich Albion FC,West Brom,WBA,https://crests.football-data.org/74.png,The Hawthorns West Bromwich B71 4LF,http://www.wba.co.uk,1879,White / Navy Blue,The Hawthorns,2022-02-19T09:11:36Z,ELC,Championship,2023
41,3,1.0,,3321,Jake Livermore,Jake,Livermore,1989-11-14,England,Midfield,,,2024-08-04T23:09:37Z,346,Watford FC,Watford,WAT,https://crests.football-data.org/346.png,Vicarage Road Watford WD18 0ER,http://www.watfordfc.com,1881,Yellow / Black,Vicarage Road Stadium,2022-07-26T17:53:47Z,ELC,Championship,2023
12,3,,,157622,Noah Ohio,Noah,Ohio,2003-01-16,Netherlands,Centre-Forward,,,2024-08-24T08:13:26Z,322,Hull City AFC,Hull City,HUL,https://crests.football-data.org/322.png,Walton Street Hull HU3 6HU,http://www.hullcitytigers.com,1904,Orange / Black,Kingston Communications Stadium,2022-02-22T14:19:00Z,ELC,Championship,2023
18,3,1.0,,181526,Ronald,,Ronald,2001-06-14,Brazil,Right Winger,,,2024-09-02T09:59:05Z,72,Swansea City AFC,Swansea,SWA,https://crests.football-data.org/72.png,"Liberty Stadium, Landore Swansea, Glamorgan SA1 2FA",http://www.swanseacity.net,1912,White / Black,Liberty Stadium,2022-03-22T10:08:20Z,ELC,Championship,2023
17,3,,,4412,Famara Diédhiou,Famara,Diédhiou,1992-05-02,Senegal,Offence,,,2024-08-04T23:09:38Z,715,Cardiff City FC,Cardiff,CAR,https://crests.football-data.org/715.png,"Cardiff City Stadium, Leckwith Road Cardiff CF11 8AZ",http://www.cardiffcityfc.co.uk,1899,Blue / White,Cardiff City Stadium,2022-02-19T08:59:02Z,ELC,Championship,2023
45,2,,,190550,Romain Esse,Romain,Esse,1999-02-06,England,Attacking Midfield,,,2024-09-02T09:59:07Z,384,Millwall FC,Millwall,MIL,https://crests.football-data.org/384.png,Zampa Road London SE16 3LN,http://www.millwallfc.co.uk,1885,Blue / White,The Den,2022-02-19T09:00:14Z,ELC,Championship,2023
40,2,3.0,1.0,7890,Tom Dele-Bashiru,Tom,Dele-Bashiru,1999-09-17,Nigeria,Central Midfield,,,2024-09-02T09:59:06Z,346,Watford FC,Watford,WAT,https://crests.football-data.org/346.png,Vicarage Road Watford WD18 0ER,http://www.watfordfc.com,1881,Yellow / Black,Vicarage Road Stadium,2022-07-26T17:53:47Z,ELC,Championship,2023
30,2,1.0,,4450,Lee Peltier,Lee,Peltier,1986-12-11,England,Defence,,2.0,2023-07-30T19:41:21Z,385,Rotherham United FC,Rotherham Utd,ROT,https://crests.football-data.org/385.png,New York Way Rotherham S60 1AH,http://www.themillers.co.uk,1870,Red / White,New York Stadium,2022-02-25T16:43:19Z,ELC,Championship,2023
47,2,,,8086,Jan Bednarek,Jan,Bednarek,1996-04-12,Poland,Centre-Back,,,2024-08-23T09:25:15Z,340,Southampton FC,Southampton,SOU,https://crests.football-data.org/340.png,Britannia Road Southampton SO14 5FP,http://www.saintsfc.co.uk,1885,Red / White / Black,St. Mary's Stadium,2022-02-10T19:48:04Z,ELC,Championship,2023
16,2,2.0,,4378,Fred Onyedinma,Fred,Onyedinma,1996-11-24,Nigeria,Midfield,,,2024-08-04T23:09:37Z,385,Rotherham United FC,Rotherham Utd,ROT,https://crests.football-data.org/385.png,New York Way Rotherham S60 1AH,http://www.themillers.co.uk,1870,Red / White,New York Stadium,2022-02-25T16:43:19Z,ELC,Championship,2023
39,2,1.0,,6451,Semi Ajayi,Semi,Ajayi,1993-11-09,Nigeria,Centre-Back,,,2024-09-02T09:59:05Z,74,West Bromwich Albion FC,West Brom,WBA,https://crests.football-data.org/74.png,The Hawthorns West Bromwich B71 4LF,http://www.wba.co.uk,1879,White / Navy Blue,The Hawthorns,2022-02-19T09:11:36Z,ELC,Championship,2023
25,2,,,179558,Cesare Casadei,Cesare,Casadei,2003-01-10,Italy,Central Midfield,,,2025-06-02T09:43:20Z,338,Leicester City FC,Leicester City,LEI,https://crests.football-data.org/338.png,"The Walkers Stadium, Filbert Way Leicester LE2 7FL",http://www.lcfc.com,1884,Royal Blue / White,King Power Stadium,2022-02-10T19:48:23Z,ELC,Championship,2023
42,2,4.0,1.0,5747,Ryan Wintle,Ryan,Wintle,1997-06-13,England,Defensive Midfield,,,2024-09-02T09:59:07Z,715,Cardiff City FC,Cardiff,CAR,https://crests.football-data.org/715.png,"Cardiff City Stadium, Leckwith Road Cardiff CF11 8AZ",http://www.cardiffcityfc.co.uk,1899,Blue / White,Cardiff City Stadium,2022-02-19T08:59:02Z,ELC,Championship,2023
17,2,3.0,,4355,Ryan Hedges,Ryan,Hedges,1995-07-08,Wales,Right Winger,,11.0,2024-09-02T09:59:05Z,59,Blackburn Rovers FC,Blackburn,BLA,https://crests.football-data.org/59.png,Ewood Park Blackburn BB2 4JF,http://www.rovers.co.uk,1874,Blue / White,Ewood Park,2022-02-19T08:50:27Z,ELC,Championship,2023
33,2,,,190817,Chris Rigg,Chris,Rigg,2007-06-18,England,Central Midfield,,,2024-09-02T09:59:05Z,71,Sunderland AFC,Sunderland,SUN,https://crests.football-data.org/71.png,The Sunderland Stadium of Light Sunderland SR5 1SU,http://www.safc.com,1879,Red / White,Stadium of Light,2022-02-19T09:12:07Z,ELC,Championship,2023
43,2,6.0,,55048,Milan van Ewijk,Milan,van Ewijk,2000-09-08,Netherlands,Right-Back,,,2024-09-02T09:59:07Z,1076,Coventry City FC,Coventry City,COV,https://crests.football-data.org/1076.png,"Gallagher Retail Park, Stoney Stanton Road Coventry CV6 5QE",http://www.ccfc.co.uk,1883,Sky Blue / White,St Andrew's Trillion Trophy Stadium,2022-02-19T08:56:17Z,ELC,Championship,2023
25,2,,,5268,Freddie Ladapo,Freddie,Ladapo,1993-02-01,Nigeria,Centre-Forward,,,2024-08-23T09:25:15Z,349,Ipswich Town FC,Ipswich Town,IPS,https://crests.football-data.org/349.png,Portman Road Ipswich IP1 2DA,http://www.itfc.co.uk,1887,Blue / White,Portman Road Stadium,2022-10-28T10:50:05Z,ELC,Championship,2023
45,2,1.0,,130044,Joel Latibeaudiere,Joel,Latibeaudiere,2000-01-06,Jamaica,Centre-Back,,19.0,2024-09-02T09:59:07Z,1076,Coventry City FC,Coventry City,COV,https://crests.football-data.org/1076.png,"Gallagher Retail Park, Stoney Stanton Road Coventry CV6 5QE",http://www.ccfc.co.uk,1883,Sky Blue / White,St Andrew's Trillion Trophy Stadium,2022-02-19T08:56:17Z,ELC,Championship,2023
